date,repository,directory,basename,extension,category,lines,generated
2021-11-18,astn,data/test/JSONTestSuite/test_parsing/y,y_string_u+2028_line_sep.json,.json,.json,1,
2021-11-18,astn,data/test/JSONTestSuite/test_parsing/y,y_string_two-byte-utf-8.json,.json,.json,1,
2021-11-18,astn,data/test/JSONTestSuite/test_parsing/y,y_string_three-byte-utf-8.json,.json,.json,1,
2021-11-18,astn,data/test/JSONTestSuite/test_parsing/y,y_string_surrogates_U+1D11E_MUSICAL_SYMBOL_G_CLEF.json,.json,.json,1,
2021-11-18,astn,data/test/JSONTestSuite/test_parsing/y,y_string_space.json,.json,.json,1,
2021-11-18,astn,data/test/JSONTestSuite/test_parsing/y,y_string_simple_ascii.json,.json,.json,1,
2021-11-18,astn,data/test/JSONTestSuite/test_parsing/y,y_string_reservedCharacterInUTF-8_U+1BFFF.json,.json,.json,1,
2021-11-18,astn,data/test/JSONTestSuite/test_parsing/y,y_string_pi.json,.json,.json,1,
2021-11-18,astn,data/test/JSONTestSuite/test_parsing/y,y_string_one-byte-utf-8.json,.json,.json,1,
2021-11-18,astn,data/test/JSONTestSuite/test_parsing/y,y_string_null_escape.json,.json,.json,1,
2021-11-18,astn,data/test/JSONTestSuite/test_parsing/y,y_string_nonCharacterInUTF-8_U+FFFF.json,.json,.json,1,
2021-11-18,astn,data/test/JSONTestSuite/test_parsing/y,y_string_nonCharacterInUTF-8_U+10FFFF.json,.json,.json,1,
2021-11-18,astn,data/test/JSONTestSuite/test_parsing/y,y_string_nbsp_uescaped.json,.json,.json,1,
2021-11-18,astn,data/test/JSONTestSuite/test_parsing/y,y_string_last_surrogates_1_and_2.json,.json,.json,1,
2021-11-18,astn,data/test/JSONTestSuite/test_parsing/y,y_string_in_array_with_leading_space.json,.json,.json,1,
2021-11-18,astn,data/test/JSONTestSuite/test_parsing/y,y_string_in_array.json,.json,.json,1,
2021-11-18,astn,data/test/JSONTestSuite/test_parsing/y,y_string_escaped_noncharacter.json,.json,.json,1,
2021-11-18,astn,data/test/JSONTestSuite/test_parsing/y,y_string_escaped_control_character.json,.json,.json,1,
2021-11-18,astn,data/test/JSONTestSuite/test_parsing/y,y_string_double_escape_n.json,.json,.json,1,
2021-11-18,astn,data/test/JSONTestSuite/test_parsing/y,y_string_double_escape_a.json,.json,.json,1,
2021-11-18,astn,data/test/JSONTestSuite/test_parsing/y,y_string_comments.json,.json,.json,1,
2021-11-18,astn,data/test/JSONTestSuite/test_parsing/y,y_string_backslash_doublequotes.json,.json,.json,1,
2021-11-18,astn,data/test/JSONTestSuite/test_parsing/y,y_string_backslash_and_u_escaped_zero.json,.json,.json,1,
2021-11-18,astn,data/test/JSONTestSuite/test_parsing/y,y_string_allowed_escapes.json,.json,.json,1,
2021-11-18,astn,data/test/JSONTestSuite/test_parsing/y,y_string_accepted_surrogate_pairs.json,.json,.json,1,
2021-11-18,astn,data/test/JSONTestSuite/test_parsing/y,y_string_accepted_surrogate_pair.json,.json,.json,1,
2021-11-18,astn,data/test/JSONTestSuite/test_parsing/y,y_string_1_2_3_bytes_UTF-8_sequences.json,.json,.json,1,
2021-11-18,astn,data/test/JSONTestSuite/test_parsing/y,y_object_with_newlines.json,.json,.json,3,
2021-11-18,astn,data/test/JSONTestSuite/test_parsing/y,y_object_string_unicode.json,.json,.json,1,
2021-11-18,astn,data/test/JSONTestSuite/test_parsing/y,y_object_simple.json,.json,.json,1,
2021-11-18,astn,data/test/JSONTestSuite/test_parsing/y,y_object_long_strings.json,.json,.json,1,
2021-11-18,astn,data/test/JSONTestSuite/test_parsing/y,y_object_extreme_numbers.json,.json,.json,1,
2021-11-18,astn,data/test/JSONTestSuite/test_parsing/y,y_object_escaped_null_in_key.json,.json,.json,1,
2021-11-18,astn,data/test/JSONTestSuite/test_parsing/y,y_object_empty_key.json,.json,.json,1,
2021-11-18,astn,data/test/JSONTestSuite/test_parsing/y,y_object_empty.json,.json,.json,1,
2021-11-18,astn,data/test/JSONTestSuite/test_parsing/y,y_object_duplicated_key_and_value.json,.json,.json,1,
2021-11-18,astn,data/test/JSONTestSuite/test_parsing/y,y_object_duplicated_key.json,.json,.json,1,
2021-11-18,astn,data/test/JSONTestSuite/test_parsing/y,y_object_basic.json,.json,.json,1,
2021-11-18,astn,data/test/JSONTestSuite/test_parsing/y,y_object.json,.json,.json,1,
2021-11-18,astn,data/test/JSONTestSuite/test_parsing/y,y_number_simple_real.json,.json,.json,1,
2021-11-18,astn,data/test/JSONTestSuite/test_parsing/y,y_number_simple_int.json,.json,.json,1,
2021-11-18,astn,data/test/JSONTestSuite/test_parsing/y,y_number_real_pos_exponent.json,.json,.json,1,
2021-11-18,astn,data/test/JSONTestSuite/test_parsing/y,y_number_real_neg_exp.json,.json,.json,1,
2021-11-18,astn,data/test/JSONTestSuite/test_parsing/y,y_number_real_fraction_exponent.json,.json,.json,1,
2021-11-18,astn,data/test/JSONTestSuite/test_parsing/y,y_number_real_exponent.json,.json,.json,1,
2021-11-18,astn,data/test/JSONTestSuite/test_parsing/y,y_number_real_capital_e_pos_exp.json,.json,.json,1,
2021-11-18,astn,data/test/JSONTestSuite/test_parsing/y,y_number_real_capital_e_neg_exp.json,.json,.json,1,
2021-11-18,astn,data/test/JSONTestSuite/test_parsing/y,y_number_real_capital_e.json,.json,.json,1,
2021-11-18,astn,data/test/JSONTestSuite/test_parsing/y,y_number_negative_zero.json,.json,.json,1,
2021-11-18,astn,data/test/JSONTestSuite/test_parsing/y,y_number_negative_one.json,.json,.json,1,
2021-11-18,astn,data/test/JSONTestSuite/test_parsing/y,y_number_negative_int.json,.json,.json,1,
2021-11-18,astn,data/test/JSONTestSuite/test_parsing/y,y_number_minus_zero.json,.json,.json,1,
2021-11-18,astn,data/test/JSONTestSuite/test_parsing/y,y_number_int_with_exp.json,.json,.json,1,
2021-11-18,astn,data/test/JSONTestSuite/test_parsing/y,y_number_double_close_to_zero.json,.json,.json,2,
2021-11-18,astn,data/test/JSONTestSuite/test_parsing/y,y_number_after_space.json,.json,.json,1,
2021-11-18,astn,data/test/JSONTestSuite/test_parsing/y,y_number_0e1.json,.json,.json,1,
2021-11-18,astn,data/test/JSONTestSuite/test_parsing/y,y_number_0e+1.json,.json,.json,1,
2021-11-18,astn,data/test/JSONTestSuite/test_parsing/y,y_number.json,.json,.json,1,
2021-11-18,astn,data/test/JSONTestSuite/test_parsing/y,y_array_with_trailing_space.json,.json,.json,1,
2021-11-18,astn,data/test/JSONTestSuite/test_parsing/y,y_array_with_several_null.json,.json,.json,1,
2021-11-18,astn,data/test/JSONTestSuite/test_parsing/y,y_array_with_leading_space.json,.json,.json,1,
2021-11-18,astn,data/test/JSONTestSuite/test_parsing/y,y_array_with_1_and_newline.json,.json,.json,2,
2021-11-18,astn,data/test/JSONTestSuite/test_parsing/y,y_array_null.json,.json,.json,1,
2021-11-18,astn,data/test/JSONTestSuite/test_parsing/y,y_array_heterogeneous.json,.json,.json,1,
2021-11-18,astn,data/test/JSONTestSuite/test_parsing/y,y_array_false.json,.json,.json,1,
2021-11-18,astn,data/test/JSONTestSuite/test_parsing/y,y_array_ending_with_newline.json,.json,.json,1,
2021-11-18,astn,data/test/JSONTestSuite/test_parsing/y,y_array_empty.json,.json,.json,1,
2021-11-18,astn,data/test/JSONTestSuite/test_parsing/y,y_array_empty-string.json,.json,.json,1,
2021-11-18,astn,data/test/JSONTestSuite/test_parsing/y,y_array_arraysWithSpaces.json,.json,.json,1,
2021-11-18,astn,data/test/JSONTestSuite/test_parsing/n,n_structure_whitespace_formfeed.json,.json,.json,1,
2021-11-18,astn,data/test/JSONTestSuite/test_parsing/n,n_structure_whitespace_U+2060_word_joiner.json,.json,.json,1,
2021-11-18,astn,data/test/JSONTestSuite/test_parsing/n,n_structure_unicode-identifier.json,.json,.json,1,
2021-11-18,astn,data/test/JSONTestSuite/test_parsing/n,n_structure_unclosed_object.json,.json,.json,1,
2021-11-18,astn,data/test/JSONTestSuite/test_parsing/n,n_structure_unclosed_array_unfinished_true.json,.json,.json,1,
2021-11-18,astn,data/test/JSONTestSuite/test_parsing/n,n_structure_unclosed_array_unfinished_false.json,.json,.json,1,
2021-11-18,astn,data/test/JSONTestSuite/test_parsing/n,n_structure_unclosed_array_partial_null.json,.json,.json,1,
2021-11-18,astn,data/test/JSONTestSuite/test_parsing/n,n_structure_unclosed_array.json,.json,.json,1,
2021-11-18,astn,data/test/JSONTestSuite/test_parsing/n,n_structure_uescaped_LF_before_string.json,.json,.json,1,
2021-11-18,astn,data/test/JSONTestSuite/test_parsing/n,n_structure_trailing_#.json,.json,.json,1,
2021-11-18,astn,data/test/JSONTestSuite/test_parsing/n,n_structure_single_star.json,.json,.json,1,
2021-11-18,astn,data/test/JSONTestSuite/test_parsing/n,n_structure_single_eacute.json,.json,.json,1,
2021-11-18,astn,data/test/JSONTestSuite/test_parsing/n,n_structure_open_open.json,.json,.json,1,
2021-11-18,astn,data/test/JSONTestSuite/test_parsing/n,n_structure_open_object_string_with_apostrophes.json,.json,.json,1,
2021-11-18,astn,data/test/JSONTestSuite/test_parsing/n,n_structure_open_object_open_string.json,.json,.json,1,
2021-11-18,astn,data/test/JSONTestSuite/test_parsing/n,n_structure_open_object_open_array.json,.json,.json,1,
2021-11-18,astn,data/test/JSONTestSuite/test_parsing/n,n_structure_open_object_comma.json,.json,.json,1,
2021-11-18,astn,data/test/JSONTestSuite/test_parsing/n,n_structure_open_object_close_array.json,.json,.json,1,
2021-11-18,astn,data/test/JSONTestSuite/test_parsing/n,n_structure_open_object.json,.json,.json,1,
2021-11-18,astn,data/test/JSONTestSuite/test_parsing/n,n_structure_open_array_string.json,.json,.json,1,
2021-11-18,astn,data/test/JSONTestSuite/test_parsing/n,n_structure_open_array_open_string.json,.json,.json,1,
2021-11-18,astn,data/test/JSONTestSuite/test_parsing/n,n_structure_open_array_open_object.json,.json,.json,1,
2021-11-18,astn,data/test/JSONTestSuite/test_parsing/n,n_structure_open_array_comma.json,.json,.json,1,
2021-11-18,astn,data/test/JSONTestSuite/test_parsing/n,n_structure_open_array_apostrophe.json,.json,.json,1,
2021-11-18,astn,data/test/JSONTestSuite/test_parsing/n,n_structure_object_with_trailing_garbage.json,.json,.json,1,
2021-11-18,astn,data/test/JSONTestSuite/test_parsing/n,n_structure_object_with_comment.json,.json,.json,1,
2021-11-18,astn,data/test/JSONTestSuite/test_parsing/n,n_structure_object_unclosed_no_value.json,.json,.json,1,
2021-11-18,astn,data/test/JSONTestSuite/test_parsing/n,n_structure_object_followed_by_closing_object.json,.json,.json,1,
2021-11-18,astn,data/test/JSONTestSuite/test_parsing/n,n_structure_number_with_trailing_garbage.json,.json,.json,1,
2021-11-18,astn,data/test/JSONTestSuite/test_parsing/n,n_structure_null-byte-outside-string.json,.json,.json,1,
2021-11-18,astn,data/test/JSONTestSuite/test_parsing/n,n_structure_no_data.json,.json,.json,1,
2021-11-18,astn,data/test/JSONTestSuite/test_parsing/n,n_structure_lone-open-bracket.json,.json,.json,1,
2021-11-18,astn,data/test/JSONTestSuite/test_parsing/n,n_structure_lone-invalid-utf-8.json,.json,.json,1,
2021-11-18,astn,data/test/JSONTestSuite/test_parsing/n,n_structure_incomplete_UTF8_BOM.json,.json,.json,1,
2021-11-18,astn,data/test/JSONTestSuite/test_parsing/n,n_structure_end_array.json,.json,.json,1,
2021-11-18,astn,data/test/JSONTestSuite/test_parsing/n,n_structure_double_array.json,.json,.json,1,
2021-11-18,astn,data/test/JSONTestSuite/test_parsing/n,n_structure_comma_instead_of_closing_brace.json,.json,.json,1,
2021-11-18,astn,data/test/JSONTestSuite/test_parsing/n,n_structure_close_unopened_array.json,.json,.json,1,
2021-11-18,astn,data/test/JSONTestSuite/test_parsing/n,n_structure_capitalized_True.json,.json,.json,1,
2021-11-18,astn,data/test/JSONTestSuite/test_parsing/n,n_structure_ascii-unicode-identifier.json,.json,.json,1,
2021-11-18,astn,data/test/JSONTestSuite/test_parsing/n,n_structure_array_with_unclosed_string.json,.json,.json,1,
2021-11-18,astn,data/test/JSONTestSuite/test_parsing/n,n_structure_array_with_extra_array_close.json,.json,.json,1,
2021-11-18,astn,data/test/JSONTestSuite/test_parsing/n,n_structure_array_trailing_garbage.json,.json,.json,1,
2021-11-18,astn,data/test/JSONTestSuite/test_parsing/n,n_structure_angle_bracket_null.json,.json,.json,1,
2021-11-18,astn,data/test/JSONTestSuite/test_parsing/n,n_structure_angle_bracket_..json,.json,.json,1,
2021-11-18,astn,data/test/JSONTestSuite/test_parsing/n,n_structure_UTF8_BOM_no_data.json,.json,.json,1,
2021-11-18,astn,data/test/JSONTestSuite/test_parsing/n,n_structure_U+2060_word_joined.json,.json,.json,1,
2021-11-18,astn,data/test/JSONTestSuite/test_parsing/n,n_structure_100000_opening_arrays.json,.json,.json,1,
2021-11-18,astn,data/test/JSONTestSuite/test_parsing/n,n_string_with_trailing_garbage.json,.json,.json,1,
2021-11-18,astn,data/test/JSONTestSuite/test_parsing/n,n_string_unicode_CapitalU.json,.json,.json,1,
2021-11-18,astn,data/test/JSONTestSuite/test_parsing/n,n_string_unescaped_tab.json,.json,.json,1,
2021-11-18,astn,data/test/JSONTestSuite/test_parsing/n,n_string_unescaped_newline.json,.json,.json,2,
2021-11-18,astn,data/test/JSONTestSuite/test_parsing/n,n_string_unescaped_crtl_char.json,.json,.json,1,
2021-11-18,astn,data/test/JSONTestSuite/test_parsing/n,n_string_start_escape_unclosed.json,.json,.json,1,
2021-11-18,astn,data/test/JSONTestSuite/test_parsing/n,n_string_single_string_no_double_quotes.json,.json,.json,1,
2021-11-18,astn,data/test/JSONTestSuite/test_parsing/n,n_string_single_quote.json,.json,.json,1,
2021-11-18,astn,data/test/JSONTestSuite/test_parsing/n,n_string_single_doublequote.json,.json,.json,1,
2021-11-18,astn,data/test/JSONTestSuite/test_parsing/n,n_string_no_quotes_with_bad_escape.json,.json,.json,1,
2021-11-18,astn,data/test/JSONTestSuite/test_parsing/n,n_string_leading_uescaped_thinspace.json,.json,.json,1,
2021-11-18,astn,data/test/JSONTestSuite/test_parsing/n,n_string_invalid_utf8_after_escape.json,.json,.json,1,
2021-11-18,astn,data/test/JSONTestSuite/test_parsing/n,n_string_invalid_unicode_escape.json,.json,.json,1,
2021-11-18,astn,data/test/JSONTestSuite/test_parsing/n,n_string_invalid_backslash_esc.json,.json,.json,1,
2021-11-18,astn,data/test/JSONTestSuite/test_parsing/n,n_string_invalid-utf-8-in-escape.json,.json,.json,1,
2021-11-18,astn,data/test/JSONTestSuite/test_parsing/n,n_string_incomplete_surrogate_escape_invalid.json,.json,.json,1,
2021-11-18,astn,data/test/JSONTestSuite/test_parsing/n,n_string_incomplete_surrogate.json,.json,.json,1,
2021-11-18,astn,data/test/JSONTestSuite/test_parsing/n,n_string_incomplete_escaped_character.json,.json,.json,1,
2021-11-18,astn,data/test/JSONTestSuite/test_parsing/n,n_string_incomplete_escape.json,.json,.json,1,
2021-11-18,astn,data/test/JSONTestSuite/test_parsing/n,n_string_escaped_emoji.json,.json,.json,1,
2021-11-18,astn,data/test/JSONTestSuite/test_parsing/n,n_string_escaped_ctrl_char_tab.json,.json,.json,1,
2021-11-18,astn,data/test/JSONTestSuite/test_parsing/n,n_string_escaped_backslash_bad.json,.json,.json,1,
2021-11-18,astn,data/test/JSONTestSuite/test_parsing/n,n_string_escape_x.json,.json,.json,1,
2021-11-18,astn,data/test/JSONTestSuite/test_parsing/n,n_string_backslash_00.json,.json,.json,1,
2021-11-18,astn,data/test/JSONTestSuite/test_parsing/n,n_string_accentuated_char_no_quotes.json,.json,.json,1,
2021-11-18,astn,data/test/JSONTestSuite/test_parsing/n,n_string_1_surrogate_then_escape_u1x.json,.json,.json,1,
2021-11-18,astn,data/test/JSONTestSuite/test_parsing/n,n_string_1_surrogate_then_escape_u1.json,.json,.json,1,
2021-11-18,astn,data/test/JSONTestSuite/test_parsing/n,n_string_1_surrogate_then_escape_u.json,.json,.json,1,
2021-11-18,astn,data/test/JSONTestSuite/test_parsing/n,n_string_1_surrogate_then_escape.json,.json,.json,1,
2021-11-18,astn,data/test/JSONTestSuite/test_parsing/n,n_single_space.json,.json,.json,1,
2021-11-18,astn,data/test/JSONTestSuite/test_parsing/n,n_object_with_trailing_garbage.json,.json,.json,1,
2021-11-18,astn,data/test/JSONTestSuite/test_parsing/n,n_object_with_single_string.json,.json,.json,1,
2021-11-18,astn,data/test/JSONTestSuite/test_parsing/n,n_object_unterminated-value.json,.json,.json,1,
2021-11-18,astn,data/test/JSONTestSuite/test_parsing/n,n_object_unquoted_key.json,.json,.json,1,
2021-11-18,astn,data/test/JSONTestSuite/test_parsing/n,n_object_two_commas_in_a_row.json,.json,.json,1,
2021-11-18,astn,data/test/JSONTestSuite/test_parsing/n,n_object_trailing_comment_slash_open_incomplete.json,.json,.json,1,
2021-11-18,astn,data/test/JSONTestSuite/test_parsing/n,n_object_trailing_comment_slash_open.json,.json,.json,1,
2021-11-18,astn,data/test/JSONTestSuite/test_parsing/n,n_object_trailing_comment_open.json,.json,.json,1,
2021-11-18,astn,data/test/JSONTestSuite/test_parsing/n,n_object_trailing_comment.json,.json,.json,1,
2021-11-18,astn,data/test/JSONTestSuite/test_parsing/n,n_object_trailing_comma.json,.json,.json,1,
2021-11-18,astn,data/test/JSONTestSuite/test_parsing/n,n_object_single_quote.json,.json,.json,1,
2021-11-18,astn,data/test/JSONTestSuite/test_parsing/n,n_object_several_trailing_commas.json,.json,.json,1,
2021-11-18,astn,data/test/JSONTestSuite/test_parsing/n,n_object_repeated_null_null.json,.json,.json,1,
2021-11-18,astn,data/test/JSONTestSuite/test_parsing/n,n_object_non_string_key_but_huge_number_instead.json,.json,.json,1,
2021-11-18,astn,data/test/JSONTestSuite/test_parsing/n,n_object_non_string_key.json,.json,.json,1,
2021-11-18,astn,data/test/JSONTestSuite/test_parsing/n,n_object_no-colon.json,.json,.json,1,
2021-11-18,astn,data/test/JSONTestSuite/test_parsing/n,n_object_missing_value.json,.json,.json,1,
2021-11-18,astn,data/test/JSONTestSuite/test_parsing/n,n_object_missing_semicolon.json,.json,.json,1,
2021-11-18,astn,data/test/JSONTestSuite/test_parsing/n,n_object_missing_key.json,.json,.json,1,
2021-11-18,astn,data/test/JSONTestSuite/test_parsing/n,n_object_missing_colon.json,.json,.json,1,
2021-11-18,astn,data/test/JSONTestSuite/test_parsing/n,n_object_lone_continuation_byte_in_key_and_trailing_comma.json,.json,.json,1,
2021-11-18,astn,data/test/JSONTestSuite/test_parsing/n,n_object_key_with_single_quotes.json,.json,.json,1,
2021-11-18,astn,data/test/JSONTestSuite/test_parsing/n,n_object_garbage_at_end.json,.json,.json,1,
2021-11-18,astn,data/test/JSONTestSuite/test_parsing/n,n_object_emoji.json,.json,.json,1,
2021-11-18,astn,data/test/JSONTestSuite/test_parsing/n,n_object_double_colon.json,.json,.json,1,
2021-11-18,astn,data/test/JSONTestSuite/test_parsing/n,n_object_comma_instead_of_colon.json,.json,.json,1,
2021-11-18,astn,data/test/JSONTestSuite/test_parsing/n,n_object_bracket_key.json,.json,.json,2,
2021-11-18,astn,data/test/JSONTestSuite/test_parsing/n,n_object_bad_value.json,.json,.json,1,
2021-11-18,astn,data/test/JSONTestSuite/test_parsing/n,n_number_with_leading_zero.json,.json,.json,1,
2021-11-18,astn,data/test/JSONTestSuite/test_parsing/n,n_number_with_alpha_char.json,.json,.json,1,
2021-11-18,astn,data/test/JSONTestSuite/test_parsing/n,n_number_with_alpha.json,.json,.json,1,
2021-11-18,astn,data/test/JSONTestSuite/test_parsing/n,n_number_starting_with_dot.json,.json,.json,1,
2021-11-18,astn,data/test/JSONTestSuite/test_parsing/n,n_number_real_without_fractional_part.json,.json,.json,1,
2021-11-18,astn,data/test/JSONTestSuite/test_parsing/n,n_number_real_with_invalid_utf8_after_e.json,.json,.json,1,
2021-11-18,astn,data/test/JSONTestSuite/test_parsing/n,n_number_real_garbage_after_e.json,.json,.json,1,
2021-11-18,astn,data/test/JSONTestSuite/test_parsing/n,n_number_neg_with_garbage_at_end.json,.json,.json,1,
2021-11-18,astn,data/test/JSONTestSuite/test_parsing/n,n_number_neg_real_without_int_part.json,.json,.json,1,
2021-11-18,astn,data/test/JSONTestSuite/test_parsing/n,n_number_neg_int_starting_with_zero.json,.json,.json,1,
2021-11-18,astn,data/test/JSONTestSuite/test_parsing/n,n_number_minus_space_1.json,.json,.json,1,
2021-11-18,astn,data/test/JSONTestSuite/test_parsing/n,n_number_minus_sign_with_trailing_garbage.json,.json,.json,1,
2021-11-18,astn,data/test/JSONTestSuite/test_parsing/n,n_number_minus_infinity.json,.json,.json,1,
2021-11-18,astn,data/test/JSONTestSuite/test_parsing/n,n_number_invalid-utf-8-in-int.json,.json,.json,2,
2021-11-18,astn,data/test/JSONTestSuite/test_parsing/n,n_number_invalid-utf-8-in-exponent.json,.json,.json,1,
2021-11-18,astn,data/test/JSONTestSuite/test_parsing/n,n_number_invalid-utf-8-in-bigger-int.json,.json,.json,1,
2021-11-18,astn,data/test/JSONTestSuite/test_parsing/n,n_number_invalid-negative-real.json,.json,.json,1,
2021-11-18,astn,data/test/JSONTestSuite/test_parsing/n,n_number_invalid+-.json,.json,.json,1,
2021-11-18,astn,data/test/JSONTestSuite/test_parsing/n,n_number_infinity.json,.json,.json,1,
2021-11-18,astn,data/test/JSONTestSuite/test_parsing/n,n_number_hex_2_digits.json,.json,.json,1,
2021-11-18,astn,data/test/JSONTestSuite/test_parsing/n,n_number_hex_1_digit.json,.json,.json,1,
2021-11-18,astn,data/test/JSONTestSuite/test_parsing/n,n_number_expression.json,.json,.json,1,
2021-11-18,astn,data/test/JSONTestSuite/test_parsing/n,n_number_U+FF11_fullwidth_digit_one.json,.json,.json,1,
2021-11-18,astn,data/test/JSONTestSuite/test_parsing/n,n_number_NaN.json,.json,.json,1,
2021-11-18,astn,data/test/JSONTestSuite/test_parsing/n,n_number_Inf.json,.json,.json,1,
2021-11-18,astn,data/test/JSONTestSuite/test_parsing/n,n_number_9.e+.json,.json,.json,1,
2021-11-18,astn,data/test/JSONTestSuite/test_parsing/n,n_number_2.e3.json,.json,.json,1,
2021-11-18,astn,data/test/JSONTestSuite/test_parsing/n,n_number_2.e-3.json,.json,.json,1,
2021-11-18,astn,data/test/JSONTestSuite/test_parsing/n,n_number_2.e+3.json,.json,.json,1,
2021-11-18,astn,data/test/JSONTestSuite/test_parsing/n,n_number_1eE2.json,.json,.json,1,
2021-11-18,astn,data/test/JSONTestSuite/test_parsing/n,n_number_1_000.json,.json,.json,1,
2021-11-18,astn,data/test/JSONTestSuite/test_parsing/n,n_number_1.0e.json,.json,.json,1,
2021-11-18,astn,data/test/JSONTestSuite/test_parsing/n,n_number_1.0e-.json,.json,.json,1,
2021-11-18,astn,data/test/JSONTestSuite/test_parsing/n,n_number_1.0e+.json,.json,.json,1,
2021-11-18,astn,data/test/JSONTestSuite/test_parsing/n,n_number_0e.json,.json,.json,1,
2021-11-18,astn,data/test/JSONTestSuite/test_parsing/n,n_number_0e+.json,.json,.json,1,
2021-11-18,astn,data/test/JSONTestSuite/test_parsing/n,n_number_0_capital_E.json,.json,.json,1,
2021-11-18,astn,data/test/JSONTestSuite/test_parsing/n,n_number_0_capital_E+.json,.json,.json,1,
2021-11-18,astn,data/test/JSONTestSuite/test_parsing/n,n_number_0.e1.json,.json,.json,1,
2021-11-18,astn,data/test/JSONTestSuite/test_parsing/n,n_number_0.3e.json,.json,.json,1,
2021-11-18,astn,data/test/JSONTestSuite/test_parsing/n,n_number_0.3e+.json,.json,.json,1,
2021-11-18,astn,data/test/JSONTestSuite/test_parsing/n,n_number_0.1.2.json,.json,.json,1,
2021-11-18,astn,data/test/JSONTestSuite/test_parsing/n,n_number_.2e-3.json,.json,.json,1,
2021-11-18,astn,data/test/JSONTestSuite/test_parsing/n,n_number_.-1.json,.json,.json,1,
2021-11-18,astn,data/test/JSONTestSuite/test_parsing/n,n_number_-NaN.json,.json,.json,1,
2021-11-18,astn,data/test/JSONTestSuite/test_parsing/n,n_number_-2..json,.json,.json,1,
2021-11-18,astn,data/test/JSONTestSuite/test_parsing/n,n_number_-1.0..json,.json,.json,1,
2021-11-18,astn,data/test/JSONTestSuite/test_parsing/n,n_number_-01.json,.json,.json,1,
2021-11-18,astn,data/test/JSONTestSuite/test_parsing/n,n_number_+Inf.json,.json,.json,1,
2021-11-18,astn,data/test/JSONTestSuite/test_parsing/n,n_number_+1.json,.json,.json,1,
2021-11-18,astn,data/test/JSONTestSuite/test_parsing/n,n_number_++.json,.json,.json,1,
2021-11-18,astn,data/test/JSONTestSuite/test_parsing/n,n_multidigit_number_then_00.json,.json,.json,1,
2021-11-18,astn,data/test/JSONTestSuite/test_parsing/n,n_incomplete_true.json,.json,.json,1,
2021-11-18,astn,data/test/JSONTestSuite/test_parsing/n,n_incomplete_null.json,.json,.json,1,
2021-11-18,astn,data/test/JSONTestSuite/test_parsing/n,n_incomplete_false.json,.json,.json,1,
2021-11-18,astn,data/test/JSONTestSuite/test_parsing/n,n_array_unclosed_with_object_inside.json,.json,.json,1,
2021-11-18,astn,data/test/JSONTestSuite/test_parsing/n,n_array_unclosed_with_new_lines.json,.json,.json,3,
2021-11-18,astn,data/test/JSONTestSuite/test_parsing/n,n_array_unclosed_trailing_comma.json,.json,.json,1,
2021-11-18,astn,data/test/JSONTestSuite/test_parsing/n,n_array_unclosed.json,.json,.json,1,
2021-11-18,astn,data/test/JSONTestSuite/test_parsing/n,n_array_star_inside.json,.json,.json,1,
2021-11-18,astn,data/test/JSONTestSuite/test_parsing/n,n_array_spaces_vertical_tab_formfeed.json,.json,.json,1,
2021-11-18,astn,data/test/JSONTestSuite/test_parsing/n,n_array_number_and_several_commas.json,.json,.json,1,
2021-11-18,astn,data/test/JSONTestSuite/test_parsing/n,n_array_number_and_comma.json,.json,.json,1,
2021-11-18,astn,data/test/JSONTestSuite/test_parsing/n,n_array_newlines_unclosed.json,.json,.json,3,
2021-11-18,astn,data/test/JSONTestSuite/test_parsing/n,n_array_missing_value.json,.json,.json,1,
2021-11-18,astn,data/test/JSONTestSuite/test_parsing/n,n_array_just_minus.json,.json,.json,1,
2021-11-18,astn,data/test/JSONTestSuite/test_parsing/n,n_array_just_comma.json,.json,.json,1,
2021-11-18,astn,data/test/JSONTestSuite/test_parsing/n,n_array_items_separated_by_semicolon.json,.json,.json,1,
2021-11-18,astn,data/test/JSONTestSuite/test_parsing/n,n_array_invalid_utf8.json,.json,.json,1,
2021-11-18,astn,data/test/JSONTestSuite/test_parsing/n,n_array_inner_array_no_comma.json,.json,.json,1,
2021-11-18,astn,data/test/JSONTestSuite/test_parsing/n,n_array_incomplete_invalid_value.json,.json,.json,1,
2021-11-18,astn,data/test/JSONTestSuite/test_parsing/n,n_array_incomplete.json,.json,.json,1,
2021-11-18,astn,data/test/JSONTestSuite/test_parsing/n,n_array_extra_comma.json,.json,.json,1,
2021-11-18,astn,data/test/JSONTestSuite/test_parsing/n,n_array_extra_close.json,.json,.json,1,
2021-11-18,astn,data/test/JSONTestSuite/test_parsing/n,n_array_double_extra_comma.json,.json,.json,1,
2021-11-18,astn,data/test/JSONTestSuite/test_parsing/n,n_array_double_comma.json,.json,.json,1,
2021-11-18,astn,data/test/JSONTestSuite/test_parsing/n,n_array_comma_and_number.json,.json,.json,1,
2021-11-18,astn,data/test/JSONTestSuite/test_parsing/n,n_array_comma_after_close.json,.json,.json,1,
2021-11-18,astn,data/test/JSONTestSuite/test_parsing/n,n_array_colon_instead_of_comma.json,.json,.json,1,
2021-11-18,astn,data/test/JSONTestSuite/test_parsing/n,n_array_a_invalid_utf8.json,.json,.json,1,
2021-11-18,astn,data/test/JSONTestSuite/test_parsing/n,n_array_1_true_without_comma.json,.json,.json,1,
2021-11-18,astn,data/test/JSONTestSuite/test_parsing/i,i_structure_UTF-8_BOM_empty_object.json,.json,.json,1,
2021-11-18,astn,data/test/JSONTestSuite/test_parsing/i,i_structure_500_nested_arrays.json,.json,.json,1,
2021-11-18,astn,data/test/JSONTestSuite/test_parsing/i,i_string_utf16LE_no_BOM.json,.json,.json,1,
2021-11-18,astn,data/test/JSONTestSuite/test_parsing/i,i_string_utf16BE_no_BOM.json,.json,.json,1,
2021-11-18,astn,data/test/JSONTestSuite/test_parsing/i,i_string_truncated-utf-8.json,.json,.json,1,
2021-11-18,astn,data/test/JSONTestSuite/test_parsing/i,i_string_overlong_sequence_6_bytes_null.json,.json,.json,1,
2021-11-18,astn,data/test/JSONTestSuite/test_parsing/i,i_string_overlong_sequence_6_bytes.json,.json,.json,1,
2021-11-18,astn,data/test/JSONTestSuite/test_parsing/i,i_string_overlong_sequence_2_bytes.json,.json,.json,1,
2021-11-18,astn,data/test/JSONTestSuite/test_parsing/i,i_string_not_in_unicode_range.json,.json,.json,1,
2021-11-18,astn,data/test/JSONTestSuite/test_parsing/i,i_string_lone_utf8_continuation_byte.json,.json,.json,1,
2021-11-18,astn,data/test/JSONTestSuite/test_parsing/i,i_string_lone_second_surrogate.json,.json,.json,1,
2021-11-18,astn,data/test/JSONTestSuite/test_parsing/i,i_string_iso_latin_1.json,.json,.json,1,
2021-11-18,astn,data/test/JSONTestSuite/test_parsing/i,i_string_inverted_surrogates_U+1D11E.json,.json,.json,1,
2021-11-18,astn,data/test/JSONTestSuite/test_parsing/i,i_string_invalid_utf-8.json,.json,.json,1,
2021-11-18,astn,data/test/JSONTestSuite/test_parsing/i,i_string_invalid_surrogate.json,.json,.json,1,
2021-11-18,astn,data/test/JSONTestSuite/test_parsing/i,i_string_invalid_lonely_surrogate.json,.json,.json,1,
2021-11-18,astn,data/test/JSONTestSuite/test_parsing/i,i_string_incomplete_surrogates_escape_valid.json,.json,.json,1,
2021-11-18,astn,data/test/JSONTestSuite/test_parsing/i,i_string_incomplete_surrogate_pair.json,.json,.json,1,
2021-11-18,astn,data/test/JSONTestSuite/test_parsing/i,i_string_incomplete_surrogate_and_escape_valid.json,.json,.json,1,
2021-11-18,astn,data/test/JSONTestSuite/test_parsing/i,i_string_UTF8_surrogate_U+D800.json,.json,.json,1,
2021-11-18,astn,data/test/JSONTestSuite/test_parsing/i,i_string_UTF-8_invalid_sequence.json,.json,.json,1,
2021-11-18,astn,data/test/JSONTestSuite/test_parsing/i,i_string_UTF-16LE_with_BOM.json,.json,.json,1,
2021-11-18,astn,data/test/JSONTestSuite/test_parsing/i,i_string_1st_valid_surrogate_2nd_invalid.json,.json,.json,1,
2021-11-18,astn,data/test/JSONTestSuite/test_parsing/i,i_string_1st_surrogate_but_2nd_missing.json,.json,.json,1,
2021-11-18,astn,data/test/JSONTestSuite/test_parsing/i,i_object_key_lone_2nd_surrogate.json,.json,.json,1,
2021-11-18,astn,data/test/JSONTestSuite/test_parsing/i,i_number_very_big_negative_int.json,.json,.json,1,
2021-11-18,astn,data/test/JSONTestSuite/test_parsing/i,i_number_too_big_pos_int.json,.json,.json,1,
2021-11-18,astn,data/test/JSONTestSuite/test_parsing/i,i_number_too_big_neg_int.json,.json,.json,1,
2021-11-18,astn,data/test/JSONTestSuite/test_parsing/i,i_number_real_underflow.json,.json,.json,1,
2021-11-18,astn,data/test/JSONTestSuite/test_parsing/i,i_number_real_pos_overflow.json,.json,.json,1,
2021-11-18,astn,data/test/JSONTestSuite/test_parsing/i,i_number_real_neg_overflow.json,.json,.json,1,
2021-11-18,astn,data/test/JSONTestSuite/test_parsing/i,i_number_pos_double_huge_exp.json,.json,.json,1,
2021-11-18,astn,data/test/JSONTestSuite/test_parsing/i,i_number_neg_int_huge_exp.json,.json,.json,1,
2021-11-18,astn,data/test/JSONTestSuite/test_parsing/i,i_number_huge_exp.json,.json,.json,1,
2021-11-18,astn,data/test/JSONTestSuite/test_parsing/i,i_number_double_huge_neg_exp.json,.json,.json,1,
2021-11-18,astn,data/test/JSONTestSuite,readme.md,.md,.md,1,
2021-11-18,astn,data,schema.astn,.astn,.astn,49,
2021-11-18,astn,data,Special ASTN characters.json,.json,.json,88,
2021-11-18,astn,bin,toJSON.mjs,.mjs,.mjs,4,
2021-11-18,astn,bin,normalizeFile.mjs,.mjs,.mjs,4,
2021-11-18,astn,,README.md,.md,.md,356,
2021-11-18,astn,,.gitignore,,.gitignore,3,
2021-11-18,astn,,.eslintrc.js,.js,.eslintrc.js,182,
2021-11-18,astn,,.eslintignore,,????,2,
2021-11-18,astn-files,data,schemaschema@0.1,.1,schemaschema@0.1,130,
2021-11-18,astn-files,data,readme.astn,.astn,.astn,68,
2021-11-18,astn-files,data/railroads,schema.astn-schema,.astn-schema,.astn-schema,114,
2021-11-18,astn-files,data/railroads,astn-railroads.verbose.astn,.astn,.astn,165,
2021-11-18,astn-files,data/railroads,astn-railroads.astn,.astn,.astn,30,
2021-11-18,astn-files,data/railroads,astn-railroads (copy).astn,.astn,.astn,29,
2021-11-18,astn-files,data/project management,schema.astn-schema,.astn-schema,.astn-schema,116,
2021-11-18,astn-files,data/project management,my project.astn,.astn,.astn,17,
2021-11-18,astn-files,data/persons,schema.astn-schema,.astn-schema,.astn-schema,55,
2021-11-18,astn-files,data/persons,persons.astn,.astn,.astn,26,
2021-11-18,astn-files,data/not normalized/with schemaschema in dir,with internal schema.astn,.astn,.astn,28,
2021-11-18,astn-files,data/not normalized/with schemaschema in dir,schemaschema.astn,.astn,.astn,194,
2021-11-18,astn-files,data/not normalized/with schemaschema in dir,schema.astn-schema,.astn-schema,.astn-schema,126,
2021-11-18,astn-files,data/not normalized/with schemaschema in dir,pareto.astn,.astn,.astn,195,
2021-11-18,astn-files,data/not normalized/with schemaschema in dir,pareto (copy).astn,.astn,.astn,223,
2021-11-18,astn-files,data/not normalized/with schemaschema in dir,no internal schema.astn,.astn,.astn,4,
2021-11-18,astn-files,data/not normalized/with schemaschema in dir,README.md,.md,.md,2,
2021-11-18,astn-files,data/not normalized/with schema in dir,with internal schema.astn,.astn,.astn,4,
2021-11-18,astn-files,data/not normalized/with schema in dir,schema.astn-schema,.astn-schema,.astn-schema,24,
2021-11-18,astn-files,data/not normalized/with schema in dir,no internal schema.astn,.astn,.astn,1,
2021-11-18,astn-files,data/not normalized,test.astn,.astn,.astn,4,
2021-11-18,astn-files,data/not normalized,schemaschema@0.1,.1,schemaschema@0.1,190,
2021-11-18,astn-files,data/not normalized/persons,schema.astn-schema,.astn-schema,.astn-schema,54,
2021-11-18,astn-files,data/not normalized/persons,persons.compact.astn,.astn,.astn,6,
2021-11-18,astn-files,data/not normalized/persons,persons.astn,.astn,.astn,18,
2021-11-18,astn-files,data/not normalized,dummy-schema,,????,20,
2021-11-18,astn-files,data/not normalized,README.md,.md,.md,2,
2021-11-18,astn-files,data/normalize,before.astn,.astn,.astn,63,
2021-11-18,astn-files,data/normalize,after.json,.json,.json,68,
2021-11-18,astn-files,data/normalize,after.astn,.astn,.astn,68,
2021-11-18,astn-files,data/mrshlschemaschema@0.1,schemaschema.verbose.astn,.astn,.astn,130,
2021-11-18,astn-files,data/mrshlschemaschema@0.1,schemaschema.astn,.astn,.astn,43,
2021-11-18,astn-files,data/mrshlschemaschema@0.1,railroads.verbose.astn,.astn,.astn,114,
2021-11-18,astn-files,data/mrshlschemaschema@0.1,railroads.astn,.astn,.astn,38,
2021-11-18,astn-files,data/mrshlschemaschema@0.1,projectmanagement.verbose.astn,.astn,.astn,116,
2021-11-18,astn-files,data/mrshlschemaschema@0.1,project management.astn,.astn,.astn,24,
2021-11-18,astn-files,data/mrshlschemaschema@0.1,persons.verbose.astn,.astn,.astn,55,
2021-11-18,astn-files,data/mrshlschemaschema@0.1,persons.astn,.astn,.astn,27,
2021-11-18,astn-files,data/mrshlschemaschema@0.1,pareto.verbose.astn,.astn,.astn,127,
2021-11-18,astn-files,data/mrshlschemaschema@0.1,no internal schema.astn,.astn,.astn,2,
2021-11-18,astn-files,data/mrshlschemaschema@0.1,mrshlschemaschema@02.astn,.astn,.astn,55,
2021-11-18,astn-files,data/mrshlschemaschema@0.1,metadata@02.verbose.astn,.astn,.astn,154,
2021-11-18,astn-files,data/mrshlschemaschema@0.1,metadata@02.astn,.astn,.astn,44,
2021-11-18,astn-files,data/mrshlschemaschema@0.1,extended schemaschema.astn,.astn,.astn,37,
2021-11-18,astn-files,data/mrshlschemaschema@0.1,algorithm.verbose.astn,.astn,.astn,75,
2021-11-18,astn-files,data/mrshlschemaschema@0.1,algorithm.astn,.astn,.astn,28,
2021-11-18,astn-files,data/dummyschema,with internal schema.astn,.astn,.astn,3,
2021-11-18,astn-files,data/dummyschema,schema.astn-schema,.astn-schema,.astn-schema,26,
2021-11-18,astn-files,data/dummyschema,no internal schema.astn,.astn,.astn,2,
2021-11-18,astn-files,data/algorithm,schema.astn-schema,.astn-schema,.astn-schema,116,
2021-11-18,astn-files,data/algorithm,dummy.verbose.astn,.astn,.astn,19,
2021-11-18,astn-files,data/algorithm,dummy.json,.json,.json,46,
2021-11-18,astn-files,data/algorithm,dummy.astn,.astn,.astn,16,
2021-11-18,astn-schemaschemas,,tsconfig.json,.json,tsconfig.json,66,
2021-11-18,astn-schemaschemas,tsbin,astnGenerateSchemaCode2.ts,.ts,.ts,8,
2021-11-18,astn-schemaschemas,tsbin,astnGenerateSchemaCode.ts,.ts,.ts,8,
2021-11-18,astn-schemaschemas,tsbin,astnExpand.ts,.ts,.ts,47,
2021-11-18,astn-schemaschemas,tsbin,astnCompact.ts,.ts,.ts,46,
2021-11-18,astn-schemaschemas,test,testProgram.ts,.ts,.ts,41,
2021-11-18,astn-schemaschemas,test,index.ts,.ts,.ts,43,
2021-11-18,astn-schemaschemas,test/codeGeneration2/data,temp.ts,.ts,.ts,588,
2021-11-18,astn-schemaschemas,test/codeGeneration2/data,out.expected.ts_,.ts_,.ts_,640,
2021-11-18,astn-schemaschemas,test/codeGeneration2/data,in.astn,.astn,.astn,115,
2021-11-18,astn-schemaschemas,test/codeGeneration/data,out.expected.ts_,.ts_,.ts_,370,
2021-11-18,astn-schemaschemas,test/codeGeneration/data,in.astn,.astn,.astn,115,
2021-11-18,astn-schemaschemas,src,runProgram.ts,.ts,.ts,19,
2021-11-18,astn-schemaschemas,src/plugins/schemas/mrshl/schemaschema@0.1,types.ts,.ts,.ts,76,
2021-11-18,astn-schemaschemas,src/plugins/schemas/mrshl/schemaschema@0.1,sideEffects.ts,.ts,.ts,208,
2021-11-18,astn-schemaschemas,src/plugins/schemas/mrshl/schemaschema@0.1,schema.astn,.astn,.astn,130,
2021-11-18,astn-schemaschemas,src/plugins/schemas/mrshl/schemaschema@0.1,index.ts,.ts,.ts,2,
2021-11-18,astn-schemaschemas,src/plugins/schemas/mrshl/schemaschema@0.1,generateCode_old.ts,.ts,.ts,1233,
2021-11-18,astn-schemaschemas,src/plugins/schemas/mrshl/schemaschema@0.1/generateCode,index.ts,.ts,.ts,211,
2021-11-18,astn-schemaschemas,src/plugins/schemas/mrshl/schemaschema@0.1/generateCode,deserializeAPI.ts,.ts,.ts,346,
2021-11-18,astn-schemaschemas,src/plugins/schemas/mrshl/schemaschema@0.1/generateCode,deserialize.ts,.ts,.ts,172,
2021-11-18,astn-schemaschemas,src/plugins/schemas/mrshl/schemaschema@0.1/generateCode,createDeserializer.ts,.ts,.ts,1189,
2021-11-18,astn-schemaschemas,src/plugins/schemas/mrshl/schemaschema@0.1/generateCode,core.ts,.ts,.ts,118,
2021-11-18,astn-schemaschemas,src/plugins/schemas/mrshl/schemaschema@0.1/generateCode,builder.ts,.ts,.ts,360,
2021-11-18,astn-schemaschemas,src/plugins/schemas/mrshl/schemaschema@0.1,createSchemaStreamProcessor.ts,.ts,.ts,79,
2021-11-18,astn-schemaschemas,src/plugins/schemas/mrshl/schemaschema@0.1,createSchemaAndSideEffects.ts,.ts,.ts,47,
2021-11-18,astn-schemaschemas,src/plugins/schemas/mrshl/schemaschema@0.1,createDeserializer.ts,.ts,.ts,432,
2021-11-18,astn-schemaschemas,src/plugins/schemas/mrshl/schemaschema@0.1,createCodeGenerator2.ts,.ts,.ts,37,
2021-11-18,astn-schemaschemas,src/plugins/schemas/mrshl/schemaschema@0.1,createCodeGenerator.ts,.ts,.ts,184,
2021-11-18,astn-schemaschemas,src/plugins/schemas/mrshl/schemaschema@0.1,convertToASTNSchema.ts,.ts,.ts,171,
2021-11-18,astn-schemaschemas,src/lowlevel,lowlevel.astn,.astn,.astn,483,
2021-11-18,astn-schemaschemas,src/lowlevel/TypeScript,generateTypescript.ts,.ts,.ts,2656,
2021-11-18,astn-schemaschemas,src/lowlevel/TypeScript,createFile.ts,.ts,.ts,67,
2021-11-18,astn-schemaschemas,src/lowlevel/TypeScript,WriteAPI.ts,.ts,.ts,9,
2021-11-18,astn-schemaschemas,src,index.ts,.ts,.ts,9,
2021-11-18,astn-schemaschemas,src,globals.ts,.ts,.ts,54,
2021-11-18,astn-schemaschemas,src,getSchemaSchemaBuilder.ts,.ts,.ts,13,
2021-11-18,astn-schemaschemas,src/env,index.ts,.ts,.ts,4,
2021-11-18,astn-schemaschemas,src/env,createHTTPResourceProvider.ts,.ts,.ts,40,
2021-11-18,astn-schemaschemas,src/env,createFileSystemResourceProvider.ts,.ts,.ts,62,
2021-11-18,astn-schemaschemas,src/env,createCachedResourceProvider.ts,.ts,.ts,98,
2021-11-18,astn-schemaschemas,src,defaultSchemaHost.ts,.ts,.ts,8,
2021-11-18,astn-schemaschemas,src,createNormalizer.ts,.ts,.ts,44,
2021-11-18,astn-schemaschemas,src,SchemaHost.ts,.ts,.ts,5,
2021-11-18,astn-schemaschemas,,package.json,.json,package.json,49,
2021-11-18,astn-schemaschemas,,package-lock.json,.json,package-lock.json,4518,
2021-11-18,astn-schemaschemas,bin,astnGenerateSchemaCode2.mjs,.mjs,.mjs,4,
2021-11-18,astn-schemaschemas,bin,astnGenerateSchemaCode.mjs,.mjs,.mjs,4,
2021-11-18,astn-schemaschemas,bin,astnExpand.mjs,.mjs,.mjs,4,
2021-11-18,astn-schemaschemas,bin,astnCompact.mjs,.mjs,.mjs,4,
2021-11-18,astn-schemaschemas,,README.md,.md,.md,2,
2021-11-18,astn-schemaschemas,,.travis.yml,.yml,.yml,7,
2021-11-18,astn-schemaschemas,,.npmignore,,.npmignore,9,
2021-11-18,astn-schemaschemas,,.gitignore,,.gitignore,4,
2021-11-18,astn-schemaschemas,,.eslintrc.js,.js,.eslintrc.js,182,
2021-11-18,astn-schemaschemas,,.eslintignore,,????,3,
2021-11-18,astn-vscode,,tsconfig.json,.json,tsconfig.json,20,
2021-11-18,astn-vscode,syntaxes,astn.tmLanguage.json,.json,.json,321,
2021-11-18,astn-vscode,server,tsconfig.json,.json,tsconfig.json,14,
2021-11-18,astn-vscode,server/src,server.ts,.ts,.ts,328,
2021-11-18,astn-vscode,server/src,processDocument.ts,.ts,.ts,37,
2021-11-18,astn-vscode,server,package.json,.json,package.json,20,
2021-11-18,astn-vscode,server,package-lock.json,.json,package-lock.json,93,
2021-11-18,astn-vscode,scripts,e2e.sh,.sh,.sh,6,
2021-11-18,astn-vscode,,package.json,.json,package.json,93,
2021-11-18,astn-vscode,,package-lock.json,.json,package-lock.json,1963,
2021-11-18,astn-vscode,,language-configuration.json,.json,.json,36,
2021-11-18,astn-vscode,client,tsconfig.json,.json,tsconfig.json,12,
2021-11-18,astn-vscode,client/testFixture,diagnostics.txt,.txt,.txt,1,
2021-11-18,astn-vscode,client/testFixture,completion.txt,.txt,.txt,1,
2021-11-18,astn-vscode,client/src/test,runTest.ts,.ts,.ts,27,
2021-11-18,astn-vscode,client/src/test,index.ts,.ts,.ts,43,
2021-11-18,astn-vscode,client/src/test,helper.ts,.ts,.ts,48,
2021-11-18,astn-vscode,client/src/test,diagnostics.test.ts,.ts,.ts,41,
2021-11-18,astn-vscode,client/src/test,completion.test.ts,.ts,.ts,44,
2021-11-18,astn-vscode,client/src,extension.ts,.ts,.ts,108,
2021-11-18,astn-vscode,client/src/astnWrappers,index.ts,.ts,.ts,35,
2021-11-18,astn-vscode,client,package.json,.json,package.json,23,
2021-11-18,astn-vscode,client,package-lock.json,.json,package-lock.json,473,
2021-11-18,astn-vscode,,README.md,.md,.md,31,
2021-11-18,astn-vscode,,.vscodeignore,,????,15,
2021-11-18,astn-vscode,.vscode,tasks.json,.json,.json,33,
2021-11-18,astn-vscode,.vscode,settings.json,.json,.json,6,
2021-11-18,astn-vscode,.vscode,launch.json,.json,.json,45,
2021-11-18,astn-vscode,,.travis.yml,.yml,.yml,7,
2021-11-18,astn-vscode,,.gitignore,,.gitignore,5,
2021-11-18,filesystem-webserver,,tslint.json,.json,.json,77,
2021-11-18,filesystem-webserver,,tsconfig.json,.json,tsconfig.json,67,
2021-11-18,filesystem-webserver,test/staticdir,index.html,.html,????,5,
2021-11-18,filesystem-webserver,test,index.ts,.ts,.ts,2,
2021-11-18,filesystem-webserver,test/datadir,test.html,.html,????,5,
2021-11-18,filesystem-webserver,src,makeNativeHTTPrequest.ts,.ts,.ts,73,
2021-11-18,filesystem-webserver,src,index.ts,.ts,.ts,141,
2021-11-18,filesystem-webserver,src/fileSystem,pushFileSystem.ts,.ts,.ts,132,
2021-11-18,filesystem-webserver,src/fileSystem,index.ts,.ts,.ts,3,
2021-11-18,filesystem-webserver,src/fileSystem,handleCommands.ts,.ts,.ts,69,
2021-11-18,filesystem-webserver,src/fileSystem,ISocketServer.ts,.ts,.ts,10,
2021-11-18,filesystem-webserver,,package.json,.json,package.json,49,
2021-11-18,filesystem-webserver,bin,cli.ts,.ts,.ts,11,
2021-11-18,filesystem-webserver,,README.md,.md,.md,1,
2021-11-18,filesystem-webserver,,.travis.yml,.yml,.yml,7,
2021-11-18,filesystem-webserver,,.gitignore,,.gitignore,2,
2021-11-18,filesystem-webserver,,.eslintrc.js,.js,.eslintrc.js,178,
2021-11-18,pareto-runtime,,tsconfig.json,.json,tsconfig.json,67,
2021-11-18,pareto-runtime,src,reexport_globals.ts,.ts,.ts,5,
2021-11-18,pareto-runtime,src,process.ts,.ts,.ts,51,
2021-11-18,pareto-runtime,src,path.ts,.ts,.ts,17,
2021-11-18,pareto-runtime,src,index.ts,.ts,.ts,17,
2021-11-18,pareto-runtime,src,http.ts,.ts,.ts,62,
2021-11-18,pareto-runtime,src/generics/types,ResolveError.ts,.ts,.ts,5,
2021-11-18,pareto-runtime,src/generics/interfaces,IResolveRegistry.ts,.ts,.ts,19,
2021-11-18,pareto-runtime,src/generics/interfaces,IReference.ts,.ts,.ts,4,
2021-11-18,pareto-runtime,src/generics/interfaces,IReadonlyLookup.ts,.ts,.ts,9,
2021-11-18,pareto-runtime,src/generics/interfaces,IReadonlyDictionary.ts,.ts,.ts,12,
2021-11-18,pareto-runtime,src/generics/interfaces,IReadonlyArray.ts,.ts,.ts,4,
2021-11-18,pareto-runtime,src/generics/interfaces,IDictionaryBuilder.ts,.ts,.ts,6,
2021-11-18,pareto-runtime,src/generics/functions,createResolveRegistry.ts,.ts,.ts,26,
2021-11-18,pareto-runtime,src/generics/functions,createReference.ts,.ts,.ts,44,
2021-11-18,pareto-runtime,src/generics/functions,createDictionaryBuilder.ts,.ts,.ts,59,
2021-11-18,pareto-runtime,src,fsSync.ts,.ts,.ts,38,
2021-11-18,pareto-runtime,src,fs.ts,.ts,.ts,330,
2021-11-18,pareto-runtime,src,etc.ts,.ts,.ts,120,
2021-11-18,pareto-runtime,,package.json,.json,package.json,24,
2021-11-18,pareto-runtime,,package-lock.json,.json,package-lock.json,31,
2021-11-18,pareto-runtime,,.npmignore,,.npmignore,3,
2021-11-18,pareto-runtime,,.gitignore,,.gitignore,3,
2021-11-18,pareto-test,,tsconfig.json,.json,tsconfig.json,67,
2021-11-18,pareto-test,src,index.ts,.ts,.ts,49,
2021-11-18,pareto-test,,package.json,.json,package.json,31,
2021-11-18,pareto-test,,package-lock.json,.json,package-lock.json,1672,
2021-11-18,pareto-test,,.npmignore,,.npmignore,3,
2021-11-18,pareto-test,,.gitignore,,.gitignore,3,
2021-11-18,pareto-ts-validater,,tsconfig.json,.json,tsconfig.json,72,
2021-11-18,pareto-ts-validater,src,types.ts,.ts,.ts,513,
2021-11-18,pareto-ts-validater,src,index.ts,.ts,.ts,29,
2021-11-18,pareto-ts-validater,src,handleProject.ts,.ts,.ts,147,
2021-11-18,pareto-ts-validater,,package.json,.json,package.json,24,
2021-11-18,pareto-ts-validater,,package-lock.json,.json,package-lock.json,587,
2021-11-18,pareto-ts-validater,,.gitignore,,.gitignore,3,
2021-11-18,railroads,,tsconfig.json,.json,tsconfig.json,66,
2021-11-18,railroads,tsbin,generateCode2.ts,.ts,.ts,103,
2021-11-18,railroads,tsbin,generateCode.ts,.ts,.ts,108,
2021-11-18,railroads,src,index.ts,.ts,.ts,3,
2021-11-18,railroads,,package.json,.json,package.json,48,
2021-11-18,railroads,,.npmignore,,.npmignore,9,
2021-11-18,railroads,,.gitignore,,.gitignore,3,
2021-11-18,railroads,,.eslintrc.js,.js,.eslintrc.js,173,
2021-11-18,typesafe-typescript-ast,src/pub,index.ts,.ts,.ts,1,
2021-11-18,typesafe-typescript-ast,src/pub/esc/interfaces/untypedAST,index.ts,.ts,.ts,17,
2021-11-18,typesafe-typescript-ast,src/pub/esc/interfaces/typedAST,ts_api.generated.ts,.ts,.ts,760,generated
2021-11-18,typesafe-typescript-ast,src/pub/esc/interfaces/typedAST,index.ts,.ts,.ts,2,
2021-11-18,typesafe-typescript-ast,src/pub/esc/interfaces/typedAST,Project.ts,.ts,.ts,10,
2021-11-18,typesafe-typescript-ast,src/pub/esc,index.ts,.ts,.ts,1,
2021-11-18,typesafe-typescript-ast,src/pub/esc/implementations,visitor_template.generated.ts,.ts,.ts,2605,generated
2021-11-18,typesafe-typescript-ast,src/pub/esc/implementations,index.ts,.ts,.ts,2,
2021-11-18,typesafe-typescript-ast,src/pub/esc/implementations/builder,loadUntypedProject.ts,.ts,.ts,103,
2021-11-18,typesafe-typescript-ast,src/pub/esc/implementations/builder,loadTypedProject.ts,.ts,.ts,51,
2021-11-18,typesafe-typescript-ast,src/pub/esc/implementations/builder,index.ts,.ts,.ts,2,
2021-11-18,typesafe-typescript-ast,src/pub/esc/implementations/builder,builder.generated.ts,.ts,.ts,3184,generated
2021-11-18,typesafe-typescript-ast,src/generateCode/esc/interfaces/WriteAPI,index.ts,.ts,.ts,9,
2021-11-18,typesafe-typescript-ast,src/generateCode/esc/interfaces,Grammar.ts,.ts,.ts,24,
2021-11-18,typesafe-typescript-ast,src/generateCode/esc/implementations,generateCode.ts,.ts,.ts,506,
2021-11-18,typesafe-typescript-ast,src/generateCode/esc/implementations/createBlock,index.ts,.ts,.ts,70,
2021-11-18,typesafe-typescript-ast,src/generateCode/esc/bin,generateTypescriptAPICode.ts,.ts,.ts,17,
2021-11-18,typesafe-typescript-ast,src/data,grammar.ts,.ts,.ts,521,
2021-11-18,typesafe-typescript-ast,src,copyPackage.ts,.ts,.ts,131,
2021-11-18,typesafe-typescript-ast,src/analyseCodeBase/esc/implementations,index.ts,.ts,.ts,1,
2021-11-18,typesafe-typescript-ast,src/analyseCodeBase/esc/implementations/createBlock,index.ts,.ts,.ts,70,
2021-11-18,typesafe-typescript-ast,src/analyseCodeBase/esc/implementations,analyseCodebaseForNodeOccurences.ts,.ts,.ts,196,
2021-11-18,typesafe-typescript-ast,src/analyseCodeBase/esc/implementations/WriteAPI,index.ts,.ts,.ts,9,
2021-11-18,typesafe-typescript-ast,src/analyseCodeBase/esc/bin,analyse.ts,.ts,.ts,38,
2021-11-18,typesafe-typescript-ast,,package.json,.json,package.json,23,
2021-11-18,typesafe-typescript-ast,,package-lock.json,.json,package-lock.json,531,
2021-11-18,typesafe-typescript-ast,,_package.json,.json,.json,27,
2021-11-18,typesafe-typescript-ast,,.gitignore,,.gitignore,2,
2021-11-18,astn,data/test/JSONTestSuite/test_parsing/n,n_structure_open_array_object.json,.json,.json,2,
2021-11-18,astn-schemaschemas,src/lowlevel/generated,lowlevel.ts_,.ts_,.ts_,8707,
2021-11-18,astn-schemaschemas,src/lowlevel/generated,lowlevel.ts,.ts,.ts,7077,
2021-11-18,filesystem-webserver,,package-lock.json,.json,package-lock.json,6160,
2021-11-18,astn,,tsconfig.json,.json,tsconfig.json,13,
2021-11-18,astn,src/legacy/tsbin,toJSON.ts,.ts,.ts,6,
2021-11-18,astn,src/legacy/tsbin,normalizeFile.ts,.ts,.ts,6,
2021-11-18,astn,src/legacy/test,typed.ts,.ts,.ts,289,
2021-11-18,astn,src/legacy/test,testTyped.ts,.ts,.ts,457,
2021-11-18,astn,src/legacy/test,testTestSets.ts,.ts,.ts,246,
2021-11-18,astn,src/legacy/test,testSet.ts,.ts,.ts,115,
2021-11-18,astn,src/legacy/test,testProgram.ts,.ts,.ts,40,
2021-11-18,astn,src/legacy/test,testFormatting.ts,.ts,.ts,44,
2021-11-18,astn,src/legacy/test,ownJSONTestset.ts,.ts,.ts,1024,
2021-11-18,astn,src/legacy/test,fs.ts,.ts,.ts,209,
2021-11-18,astn,src/legacy/test,createExecutionContext.ts,.ts,.ts,96,
2021-11-18,astn,src/legacy/test,TestDefinition.ts,.ts,.ts,33,
2021-11-18,astn,src/legacy/test,JSONTestSuiteImp.ts,.ts,.ts,165,
2021-11-18,astn,src/legacy/test,JSONTestSuite.ts,.ts,.ts,165,
2021-11-18,astn,src/legacy/test,ASTNTestSet.ts,.ts,.ts,509,
2021-11-18,astn,src/legacy/notSureYet,toJSON.ts,.ts,.ts,14,
2021-11-18,astn,src/legacy/notSureYet,normalizeText.ts,.ts,.ts,14,
2021-11-18,astn,src/legacy/notSureYet,formatCLI.ts,.ts,.ts,40,
2021-11-18,astn,src/interfaces/typedTokenize,index.ts,.ts,.ts,11,
2021-11-18,astn,src/interfaces/typedTokenize,SchemaSchemaBuilder.ts,.ts,.ts,9,
2021-11-18,astn,src/interfaces/typedTokenize,SchemaError.ts,.ts,.ts,10,
2021-11-18,astn,src/interfaces/typedTokenize,SchemaDeserializationError.ts,.ts,.ts,8,
2021-11-18,astn,src/interfaces/typedTokenize,SchemaAndSideEffects.ts,.ts,.ts,11,
2021-11-18,astn,src/interfaces/typedTokenize,CreateSchemaHandler.ts,.ts,.ts,14,
2021-11-18,astn,src/interfaces/typedTokenize,CreateExternalSchemaLoader.ts,.ts,.ts,7,
2021-11-18,astn,src/interfaces/typedTokenize,CreateASTNUnmarshaller.ts,.ts,.ts,17,
2021-11-18,astn,src/interfaces/typedTokenize,ContextSchemaResult.ts,.ts,.ts,7,
2021-11-18,astn,src/interfaces/typedTokenize,ContextSchemaIssue.ts,.ts,.ts,10,
2021-11-18,astn,src/interfaces/typedTokenize,ASTNUnmarshallIssue.ts,.ts,.ts,22,
2021-11-18,astn,src/interfaces/typed,index.ts,.ts,.ts,9,
2021-11-18,astn,src/interfaces/typed,definitions.ts,.ts,.ts,28,
2021-11-18,astn,src/interfaces/typed,UnmarshallError.ts,.ts,.ts,33,
2021-11-18,astn,src/interfaces/typed,SerializationStyle.ts,.ts,.ts,4,
2021-11-18,astn,src/interfaces/typed,InternalSchemaSpecification.ts,.ts,.ts,5,
2021-11-18,astn,src/interfaces/typed,ITypedTreeHandler.ts,.ts,.ts,90,
2021-11-18,astn,src/interfaces/typed,IMarshallableDataset.ts,.ts,.ts,29,
2021-11-18,astn,src/interfaces/typed,Datastore.ts,.ts,.ts,23,
2021-11-18,astn,src/interfaces/typed,CreateTreeUnmarshaller.ts,.ts,.ts,16,
2021-11-18,astn,src/interfaces/tokenLevel,index.ts,.ts,.ts,6,
2021-11-18,astn,src/interfaces/tokenLevel,TokenizerAnnotationData.ts,.ts,.ts,27,
2021-11-18,astn,src/interfaces/tokenLevel,Range.ts,.ts,.ts,17,
2021-11-18,astn,src/interfaces/tokenLevel,Location.ts,.ts,.ts,6,
2021-11-18,astn,src/interfaces/tokenLevel,IFormatInstructionWriter.ts,.ts,.ts,6,
2021-11-18,astn,src/interfaces/tokenLevel,FormatInstruction.ts,.ts,.ts,10,
2021-11-18,astn,src/interfaces/schema,generated_schema.ts,.ts,.ts,71,
2021-11-18,astn,src/interfaces/schema,generated_CreateASTNSchemaDeserializer.ts,.ts,.ts,9,
2021-11-18,astn,src/interfaces/grammar,tokens.ts,.ts,.ts,43,
2021-11-18,astn,src/interfaces/grammar,index.ts,.ts,.ts,12,
2021-11-18,astn,src/interfaces/grammar,StructureToken.ts,.ts,.ts,8,
2021-11-18,astn,src/interfaces/grammar,StackContext.ts,.ts,.ts,8,
2021-11-18,astn,src/interfaces/grammar,ITreeHandler.ts,.ts,.ts,74,
2021-11-18,astn,src/interfaces/grammar,IStructureParser.ts,.ts,.ts,7,
2021-11-18,astn,src/interfaces/grammar,IStructureHandler.ts,.ts,.ts,19,
2021-11-18,astn,src/interfaces/grammar,IContentParser.ts,.ts,.ts,7,
2021-11-18,astn,src/interfaces/grammar,IAnnotatedHandler.ts,.ts,.ts,56,
2021-11-18,astn,src/interfaces/grammar,CreateAnnotater.ts,.ts,.ts,6,
2021-11-18,astn,src/interfaces/grammar,ContentToken.ts,.ts,.ts,37,
2021-11-18,astn,src/interfaces/grammar,AnnotatedToken.ts,.ts,.ts,5,
2021-11-18,astn,src/interfaces/etc,index.ts,.ts,.ts,5,
2021-11-18,astn,src/interfaces/etc,RetrievalError.ts,.ts,.ts,6,
2021-11-18,astn,src/interfaces/etc,IStreamConsumer.ts,.ts,.ts,4,
2021-11-18,astn,src/interfaces/etc,IResourceProvider.ts,.ts,.ts,11,
2021-11-18,astn,src/interfaces/etc,DiagnosticSeverity.ts,.ts,.ts,4,
2021-11-18,astn,src/interfaces/etc,CreateStreamConsumer.ts,.ts,.ts,7,
2021-11-18,astn,src/interfaces/astn,index.ts,.ts,.ts,18,
2021-11-18,astn,src/interfaces/astn,TreeParserError.ts,.ts,.ts,23,
2021-11-18,astn,src/interfaces/astn,TokenizerError.ts,.ts,.ts,13,
2021-11-18,astn,src/interfaces/astn,TokenError.ts,.ts,.ts,14,
2021-11-18,astn,src/interfaces/astn,StructureError.ts,.ts,.ts,9,
2021-11-18,astn,src/interfaces/astn,OnExpectIssue.ts,.ts,.ts,8,
2021-11-18,astn,src/interfaces/astn,IStructureErrorHandler.ts,.ts,.ts,6,
2021-11-18,astn,src/interfaces/astn,IExpectContext.ts,.ts,.ts,179,
2021-11-18,astn,src/interfaces/astn,ExpectedValue.ts,.ts,.ts,24,
2021-11-18,astn,src/interfaces/astn,ExpectIssue.ts,.ts,.ts,58,
2021-11-18,astn,src/interfaces/astn,CreateTreeParser.ts,.ts,.ts,19,
2021-11-18,astn,src/interfaces/astn,CreateTokenizer.ts,.ts,.ts,17,
2021-11-18,astn,src/interfaces/astn,CreateStructureParser.ts,.ts,.ts,14,
2021-11-18,astn,src/interfaces/astn,CreateFormatter.ts,.ts,.ts,12,
2021-11-18,astn,src/interfaces/astn,CreateExpectContext.ts,.ts,.ts,21,
2021-11-18,astn,src/interfaces/astn,CreateDummyTypedHandler.ts,.ts,.ts,3,
2021-11-18,astn,src/interfaces/astn,CreateDummyTreeHandler.ts,.ts,.ts,3,
2021-11-18,astn,src/interfaces/astn,CreateASTNNormalizer.ts,.ts,.ts,12,
2021-11-18,astn,src/interfaces,_export.ts,.ts,.ts,6,
2021-11-18,astn,src,index.ts,.ts,.ts,3,
2021-11-18,astn,src/implementations,index.ts,.ts,.ts,56,
2021-11-18,astn,src/implementations/_schema,serializeSchema.generated.ts,.ts,.ts,195,generated
2021-11-18,astn,src/implementations/_schema,createASTNSchemaDeserializer.generated.ts,.ts,.ts,497,generated
2021-11-18,astn,src/implementations/_schema,createASTNSchemaBuilder.generated.ts,.ts,.ts,43,generated
2021-11-18,astn,src/implementations/_etc,runProgram.ts,.ts,.ts,15,
2021-11-18,astn,src/implementations/_etc,index.ts,.ts,.ts,1,
2021-11-18,astn,src/implementations/_astnTyped,printUnmarshallError.ts,.ts,.ts,98,
2021-11-18,astn,src/implementations/_astnTyped,printSchemaSchemaError.ts,.ts,.ts,29,
2021-11-18,astn,src/implementations/_astnTyped,printSchemaDeserializationError.ts,.ts,.ts,22,
2021-11-18,astn,src/implementations/_astnTyped,printDeserializeDiagnostic.ts,.ts,.ts,43,
2021-11-18,astn,src/implementations/_astnTyped,printContextSchemaError.ts,.ts,.ts,20,
2021-11-18,astn,src/implementations/_astnTyped,marshall.ts,.ts,.ts,490,
2021-11-18,astn,src/implementations/_astnTyped,isPositionBeforeLocation.ts,.ts,.ts,13,
2021-11-18,astn,src/implementations/_astnTyped,createValueUnmarshaller.ts,.ts,.ts,1129,
2021-11-18,astn,src/implementations/_astnTyped,createTypedForker.ts,.ts,.ts,82,
2021-11-18,astn,src/implementations/_astnTyped,createTreeUnmarshaller.ts,.ts,.ts,36,
2021-11-18,astn,src/implementations/_astnTyped,createSchemaHandler.ts,.ts,.ts,73,
2021-11-18,astn,src/implementations/_astnTyped,createProcessorForASTNStreamWithContext.ts,.ts,.ts,78,
2021-11-18,astn,src/implementations/_astnTyped,createMarshallInterface.ts,.ts,.ts,91,
2021-11-18,astn,src/implementations/_astnTyped,createHoverTextsGenerator.ts,.ts,.ts,120,
2021-11-18,astn,src/implementations/_astnTyped,createHoverTextFinder.ts,.ts,.ts,37,
2021-11-18,astn,src/implementations/_astnTyped,createExternalSchemaLoader.ts,.ts,.ts,74,
2021-11-18,astn,src/implementations/_astnTyped,createDummyTypedHandler.ts,.ts,.ts,71,
2021-11-18,astn,src/implementations/_astnTyped,createCodeCompletionsGenerator.ts,.ts,.ts,546,
2021-11-18,astn,src/implementations/_astnTyped,createCodeCompletionFinder.ts,.ts,.ts,86,
2021-11-18,astn,src/implementations/_astnTyped,createBuilder.ts,.ts,.ts,100,
2021-11-18,astn,src/implementations/_astnTyped,createASTNUnmarshaller.ts,.ts,.ts,291,
2021-11-18,astn,src/implementations/_astn,stringSerialization.ts,.ts,.ts,38,
2021-11-18,astn,src/implementations/_astn,printTreeParserError.ts,.ts,.ts,64,
2021-11-18,astn,src/implementations/_astn,printTokenizerError.ts,.ts,.ts,26,
2021-11-18,astn,src/implementations/_astn,printTokenError.ts,.ts,.ts,34,
2021-11-18,astn,src/implementations/_astn,printStructureError.ts,.ts,.ts,28,
2021-11-18,astn,src/implementations/_astn,printRange.ts,.ts,.ts,8,
2021-11-18,astn,src/implementations/_astn,printLocation.ts,.ts,.ts,5,
2021-11-18,astn,src/implementations/_astn,printExpectedValue.ts,.ts,.ts,65,
2021-11-18,astn,src/implementations/_astn,printExpectError.ts,.ts,.ts,109,
2021-11-18,astn,src/implementations/_astn,getEndLocationFromRange.ts,.ts,.ts,8,
2021-11-18,astn,src/implementations/_astn,expect2.ts,.ts,.ts,80,
2021-11-18,astn,src/implementations/_astn,dummyHandlers.ts,.ts,.ts,56,
2021-11-18,astn,src/implementations/_astn,createTreeParser.ts,.ts,.ts,663,
2021-11-18,astn,src/implementations/_astn,createTokenizer2.ts,.ts,.ts,521,
2021-11-18,astn,src/implementations/_astn,createTokenizer.ts,.ts,.ts,33,
2021-11-18,astn,src/implementations/_astn,createStructureParser.ts,.ts,.ts,223,
2021-11-18,astn,src/implementations/_astn,createStreamPreTokenizer.ts,.ts,.ts,211,
2021-11-18,astn,src/implementations/_astn,createPreTokenizer.ts,.ts,.ts,1065,
2021-11-18,astn,src/implementations/_astn,createJSONSerializer.ts,.ts,.ts,41,
2021-11-18,astn,src/implementations/_astn,createJSONFormatter.ts,.ts,.ts,166,
2021-11-18,astn,src/implementations/_astn,createFlattener.ts,.ts,.ts,175,
2021-11-18,astn,src/implementations/_astn,createExpectContext.ts,.ts,.ts,730,
2021-11-18,astn,src/implementations/_astn,createAnnotater.ts,.ts,.ts,187,
2021-11-18,astn,src/implementations/_astn,createASTNSerializer.ts,.ts,.ts,57,
2021-11-18,astn,src/implementations/_astn,createASTNNormalizer.ts,.ts,.ts,184,
2021-11-18,astn,src/implementations/_astn,TokenizerOptions.ts,.ts,.ts,4,
2021-11-18,astn,src/implementations/_astn,PreToken.ts,.ts,.ts,64,
2021-11-18,astn,src/implementations/_astn,IPreTokenizer.ts,.ts,.ts,19,
2021-11-18,astn,src/implementations/_astn,IPreTokenStreamConsumer.ts,.ts,.ts,7,
2021-11-18,astn,src/implementations/_astn,ILocationState.ts,.ts,.ts,7,
2021-11-18,astn,src/implementations/_astn,IChunk.ts,.ts,.ts,7,
2021-11-18,astn,src,globals.ts,.ts,.ts,51,
2021-11-18,astn,,package.json,.json,package.json,65,
2021-11-18,astn,,package-lock.json,.json,package-lock.json,4497,
2021-11-18,astn,data/test/typed_tests/valid simple string,schema.astn-schema,.astn-schema,.astn-schema,20,
2021-11-18,astn,data/test/typed_tests/valid simple string,output.expected.verbose.astn,.astn,.astn,4,
2021-11-18,astn,data/test/typed_tests/valid simple string,output.expected.compact.astn,.astn,.astn,2,
2021-11-18,astn,data/test/typed_tests/valid simple string,issues.expected.json,.json,.json,1,
2021-11-18,astn,data/test/typed_tests/valid simple string,hovertexts.expected.json,.json,.json,5,
2021-11-18,astn,data/test/typed_tests/valid simple string,data.astn.test,.test,.test,3,
2021-11-18,astn,data/test/typed_tests/valid simple string,codecompletions.expected.json,.json,.json,26,
2021-11-18,astn,data/test/typed_tests/shorthand type with too many and wrong elements,schema.astn-schema,.astn-schema,.astn-schema,24,
2021-11-18,astn,data/test/typed_tests/shorthand type with too many and wrong elements,output.expected.verbose.astn,.astn,.astn,2,
2021-11-18,astn,data/test/typed_tests/shorthand type with too many and wrong elements,output.expected.compact.astn,.astn,.astn,2,
2021-11-18,astn,data/test/typed_tests/shorthand type with too many and wrong elements,issues.expected.json,.json,.json,22,
2021-11-18,astn,data/test/typed_tests/shorthand type with too many and wrong elements,hovertexts.expected.json,.json,.json,8,
2021-11-18,astn,data/test/typed_tests/shorthand type with too many and wrong elements,data.astn.test,.test,.test,1,
2021-11-18,astn,data/test/typed_tests/shorthand type with too many and wrong elements,codecompletions.expected.json,.json,.json,26,
2021-11-18,astn,data/test/typed_tests/shorthand type with tagged union,schema.astn-schema,.astn-schema,.astn-schema,73,
2021-11-18,astn,data/test/typed_tests/shorthand type with tagged union,output.expected.verbose.astn,.astn,.astn,12,
2021-11-18,astn,data/test/typed_tests/shorthand type with tagged union,output.expected.compact.astn,.astn,.astn,2,
2021-11-18,astn,data/test/typed_tests/shorthand type with tagged union,issues.expected.json,.json,.json,1,
2021-11-18,astn,data/test/typed_tests/shorthand type with tagged union,hovertexts.expected.json,.json,.json,23,
2021-11-18,astn,data/test/typed_tests/shorthand type with tagged union,data.astn.test,.test,.test,1,
2021-11-18,astn,data/test/typed_tests/shorthand type with tagged union,codecompletions.expected.json,.json,.json,54,
2021-11-18,astn,data/test/typed_tests/invalid schema in directory: invalid reference to component type,schema.astn-schema,.astn-schema,.astn-schema,3,
2021-11-18,astn,data/test/typed_tests/invalid schema in directory: invalid reference to component type,output.expected.verbose.astn,.astn,.astn,1,
2021-11-18,astn,data/test/typed_tests/invalid schema in directory: invalid reference to component type,output.expected.compact.astn,.astn,.astn,1,
2021-11-18,astn,data/test/typed_tests/invalid schema in directory: invalid reference to component type,issues.expected.json,.json,.json,7,
2021-11-18,astn,data/test/typed_tests/invalid schema in directory: invalid reference to component type,hovertexts.expected.json,.json,.json,1,
2021-11-18,astn,data/test/typed_tests/invalid schema in directory: invalid reference to component type,expected.astn.test,.test,.test,1,
2021-11-18,astn,data/test/typed_tests/invalid schema in directory: invalid reference to component type,data.astn.test,.test,.test,1,
2021-11-18,astn,data/test/typed_tests/invalid schema in directory: invalid reference to component type,codecompletions.expected.json,.json,.json,1,
2021-11-18,astn,data/test/typed_tests/invalid schema in directory: empty schema,schema.astn-schema,.astn-schema,.astn-schema,3,
2021-11-18,astn,data/test/typed_tests/invalid schema in directory: empty schema,output.expected.verbose.astn,.astn,.astn,1,
2021-11-18,astn,data/test/typed_tests/invalid schema in directory: empty schema,output.expected.compact.astn,.astn,.astn,1,
2021-11-18,astn,data/test/typed_tests/invalid schema in directory: empty schema,issues.expected.json,.json,.json,7,
2021-11-18,astn,data/test/typed_tests/invalid schema in directory: empty schema,hovertexts.expected.json,.json,.json,1,
2021-11-18,astn,data/test/typed_tests/invalid schema in directory: empty schema,expected.astn.test,.test,.test,1,
2021-11-18,astn,data/test/typed_tests/invalid schema in directory: empty schema,data.astn.test,.test,.test,1,
2021-11-18,astn,data/test/typed_tests/invalid schema in directory: empty schema,codecompletions.expected.json,.json,.json,1,
2021-11-18,astn,data/test/typed_tests/invalid option,schema.astn-schema,.astn-schema,.astn-schema,30,
2021-11-18,astn,data/test/typed_tests/invalid option,output.expected.verbose.astn,.astn,.astn,2,
2021-11-18,astn,data/test/typed_tests/invalid option,output.expected.compact.astn,.astn,.astn,2,
2021-11-18,astn,data/test/typed_tests/invalid option,issues.expected.json,.json,.json,12,
2021-11-18,astn,data/test/typed_tests/invalid option,hovertexts.expected.json,.json,.json,5,
2021-11-18,astn,data/test/typed_tests/invalid option,expected.astn.test,.test,.test,21,
2021-11-18,astn,data/test/typed_tests/invalid option,data.astn.test,.test,.test,4,
2021-11-18,astn,data/test/typed_tests/invalid option,codecompletions.expected.json,.json,.json,35,
2021-11-18,astn,data/test/typed_tests/empty,output.expected.verbose.astn,.astn,.astn,1,
2021-11-18,astn,data/test/typed_tests/empty,output.expected.compact.astn,.astn,.astn,1,
2021-11-18,astn,data/test/typed_tests/empty,issues.expected.json,.json,.json,7,
2021-11-18,astn,data/test/typed_tests/empty,hovertexts.expected.json,.json,.json,1,
2021-11-18,astn,data/test/typed_tests/empty,data.astn.test,.test,.test,1,
2021-11-18,astn,data/test/typed_tests/empty,codecompletions.expected.json,.json,.json,1,
2021-11-18,astn,data/test/typed_tests/empty schema reference string,output.expected.verbose.astn,.astn,.astn,1,
2021-11-18,astn,data/test/typed_tests/empty schema reference string,output.expected.compact.astn,.astn,.astn,1,
2021-11-18,astn,data/test/typed_tests/empty schema reference string,issues.expected.json,.json,.json,7,
2021-11-18,astn,data/test/typed_tests/empty schema reference string,hovertexts.expected.json,.json,.json,1,
2021-11-18,astn,data/test/typed_tests/empty schema reference string,data.astn.test,.test,.test,1,
2021-11-18,astn,data/test/typed_tests/empty schema reference string,codecompletions.expected.json,.json,.json,1,
2021-11-18,astn,data/test/typed_tests/embedded schema and schema in directory,schema.astn-schema,.astn-schema,.astn-schema,24,
2021-11-18,astn,data/test/typed_tests/embedded schema and schema in directory,output.expected.verbose.astn,.astn,.astn,5,
2021-11-18,astn,data/test/typed_tests/embedded schema and schema in directory,output.expected.compact.astn,.astn,.astn,2,
2021-11-18,astn,data/test/typed_tests/embedded schema and schema in directory,issues.expected.json,.json,.json,17,
2021-11-18,astn,data/test/typed_tests/embedded schema and schema in directory,hovertexts.expected.json,.json,.json,8,
2021-11-18,astn,data/test/typed_tests/embedded schema and schema in directory,data.astn.test,.test,.test,27,
2021-11-18,astn,data/test/typed_tests/embedded schema and schema in directory,codecompletions.expected.json,.json,.json,46,
2021-11-18,astn,data/test/normalize_old,before.astn,.astn,.astn,63,
2021-11-18,astn,data/test/normalize_old,after.astn,.astn,.astn,56,
2021-11-18,astn,data/test/normalize_old,_afterAsItShouldBe.astn,.astn,.astn,68,
2021-11-18,astn,data/test/formatting,out.expected.json,.json,.json,79,
2021-11-18,astn,data/test/formatting,normalized.expected.astn,.astn,.astn,89,
2021-11-18,astn,data/test/formatting,normalized.actual.astn,.astn,.astn,87,
2021-11-18,astn,data/test/formatting,in.astn,.astn,.astn,88,
2021-11-18,astn,data/test/astn,schema@0.1,.1,schema@0.1,218,
2021-11-18,astn,data/test/JSONTestSuite/test_transform,string_with_escaped_NULL.json,.json,.json,1,
2021-11-18,astn,data/test/JSONTestSuite/test_transform,string_3_invalid_codepoints.json,.json,.json,1,
2021-11-18,astn,data/test/JSONTestSuite/test_transform,string_3_escaped_invalid_codepoints.json,.json,.json,1,
2021-11-18,astn,data/test/JSONTestSuite/test_transform,string_2_invalid_codepoints.json,.json,.json,1,
2021-11-18,astn,data/test/JSONTestSuite/test_transform,string_2_escaped_invalid_codepoints.json,.json,.json,1,
2021-11-18,astn,data/test/JSONTestSuite/test_transform,string_1_invalid_codepoint.json,.json,.json,1,
2021-11-18,astn,data/test/JSONTestSuite/test_transform,string_1_escaped_invalid_codepoint.json,.json,.json,1,
2021-11-18,astn,data/test/JSONTestSuite/test_transform,object_same_key_unclear_values.json,.json,.json,2,
2021-11-18,astn,data/test/JSONTestSuite/test_transform,object_same_key_same_value.json,.json,.json,1,
2021-11-18,astn,data/test/JSONTestSuite/test_transform,object_same_key_different_values.json,.json,.json,1,
2021-11-18,astn,data/test/JSONTestSuite/test_transform,object_key_nfd_nfc.json,.json,.json,1,
2021-11-18,astn,data/test/JSONTestSuite/test_transform,object_key_nfc_nfd.json,.json,.json,1,
2021-11-18,astn,data/test/JSONTestSuite/test_transform,number_9223372036854775808.json,.json,.json,2,
2021-11-18,astn,data/test/JSONTestSuite/test_transform,number_9223372036854775807.json,.json,.json,2,
2021-11-18,astn,data/test/JSONTestSuite/test_transform,number_1e6.json,.json,.json,2,
2021-11-18,astn,data/test/JSONTestSuite/test_transform,number_1e-999.json,.json,.json,2,
2021-11-18,astn,data/test/JSONTestSuite/test_transform,number_10000000000000000999.json,.json,.json,2,
2021-11-18,astn,data/test/JSONTestSuite/test_transform,number_1000000000000000.json,.json,.json,2,
2021-11-18,astn,data/test/JSONTestSuite/test_transform,number_1.000000000000000005.json,.json,.json,2,
2021-11-18,astn,data/test/JSONTestSuite/test_transform,number_1.0.json,.json,.json,2,
2021-11-18,astn,data/test/JSONTestSuite/test_transform,number_-9223372036854775809.json,.json,.json,2,
2021-11-18,astn,data/test/JSONTestSuite/test_transform,number_-9223372036854775808.json,.json,.json,2,
2021-11-18,astn,data/test/JSONTestSuite/test_parsing/y,y_structure_whitespace_array.json,.json,.json,1,
2021-11-18,astn,data/test/JSONTestSuite/test_parsing/y,y_structure_true_in_array.json,.json,.json,1,
2021-11-18,astn,data/test/JSONTestSuite/test_parsing/y,y_structure_trailing_newline.json,.json,.json,2,
2021-11-18,astn,data/test/JSONTestSuite/test_parsing/y,y_structure_string_empty.json,.json,.json,1,
2021-11-18,astn,data/test/JSONTestSuite/test_parsing/y,y_structure_lonely_true.json,.json,.json,1,
2021-11-18,astn,data/test/JSONTestSuite/test_parsing/y,y_structure_lonely_string.json,.json,.json,1,
2021-11-18,astn,data/test/JSONTestSuite/test_parsing/y,y_structure_lonely_null.json,.json,.json,1,
2021-11-18,astn,data/test/JSONTestSuite/test_parsing/y,y_structure_lonely_negative_real.json,.json,.json,1,
2021-11-18,astn,data/test/JSONTestSuite/test_parsing/y,y_structure_lonely_int.json,.json,.json,1,
2021-11-18,astn,data/test/JSONTestSuite/test_parsing/y,y_structure_lonely_false.json,.json,.json,1,
2021-11-18,astn,data/test/JSONTestSuite/test_parsing/y,y_string_with_del_character.json,.json,.json,1,
2021-11-18,astn,data/test/JSONTestSuite/test_parsing/y,y_string_utf8.json,.json,.json,1,
2021-11-18,astn,data/test/JSONTestSuite/test_parsing/y,y_string_unicode_escaped_double_quote.json,.json,.json,1,
2021-11-18,astn,data/test/JSONTestSuite/test_parsing/y,y_string_unicode_U+FFFE_nonchar.json,.json,.json,1,
2021-11-18,astn,data/test/JSONTestSuite/test_parsing/y,y_string_unicode_U+FDD0_nonchar.json,.json,.json,1,
2021-11-18,astn,data/test/JSONTestSuite/test_parsing/y,y_string_unicode_U+2064_invisible_plus.json,.json,.json,1,
2021-11-18,astn,data/test/JSONTestSuite/test_parsing/y,y_string_unicode_U+200B_ZERO_WIDTH_SPACE.json,.json,.json,1,
2021-11-18,astn,data/test/JSONTestSuite/test_parsing/y,y_string_unicode_U+1FFFE_nonchar.json,.json,.json,1,
2021-11-18,astn,data/test/JSONTestSuite/test_parsing/y,y_string_unicode_U+10FFFE_nonchar.json,.json,.json,1,
2021-11-18,astn,data/test/JSONTestSuite/test_parsing/y,y_string_unicode_2.json,.json,.json,1,
2021-11-18,astn,data/test/JSONTestSuite/test_parsing/y,y_string_unicodeEscapedBackslash.json,.json,.json,1,
2021-11-18,astn,data/test/JSONTestSuite/test_parsing/y,y_string_unicode.json,.json,.json,1,
2021-11-18,astn,data/test/JSONTestSuite/test_parsing/y,y_string_unescaped_char_delete.json,.json,.json,1,
2021-11-18,astn,data/test/JSONTestSuite/test_parsing/y,y_string_uescaped_newline.json,.json,.json,1,
2021-11-18,astn,data/test/JSONTestSuite/test_parsing/y,y_string_uEscape.json,.json,.json,1,
2021-11-18,astn,data/test/JSONTestSuite/test_parsing/y,y_string_u+2029_par_sep.json,.json,.json,1,
2021-11-18,typesafe-typescript-ast,,tsconfig.json,.json,tsconfig.json,12,
